issue_id,priority,severity,severity_score,source,dimension,rule_id,scope,table,column,n_records,pct_affected,reason,recommended_action,record_keys,evidence,detected_at
ISS-Q0040,1,high,68.79,quality_rule,completeness,expect_column_values_to_not_be_null.unit_price,column,erp_po_lines,unit_price,1076,0.012002,"'unit_price' is 1.20% null (tolerance 0.00%). 1,076 of 89,649 rows checked failed (1.20%).",Trace the null rows back to the source system and make the field mandatory at entry; quarantine affected records until the value is supplied.,"['POL-0000184', 'POL-0000341', 'POL-0000347', 'POL-0000390', 'POL-0000573', 'POL-0000620', 'POL-0000646', 'POL-0000769', 'POL-0000969', 'POL-0001002']","{'rule_score': 0.987998, 'null_rate': 0.012002364778190498, 'tolerance': 0.0}",2026-09-18T17:23:23+00:00
ISS-Q0013,2,high,61.09,quality_rule,validity,expect_column_values_to_be_between.unit_price,column,erp_po_lines,unit_price,538,0.006074,"'unit_price' must fall within [0.01, None]. 538 of 88,573 rows checked failed (0.61%).",Reject the out-of-range values at ingestion and add a bounds check to the source form; review whether a sign or unit error is involved.,"['POL-0000273', 'POL-0000614', 'POL-0001160', 'POL-0001402', 'POL-0001470', 'POL-0001495', 'POL-0001654', 'POL-0001868', 'POL-0002026', 'POL-0002259']","{'rule_score': 0.993926, 'min': 0.01, 'max': None}",2026-09-18T17:23:23+00:00
ISS-Q0012,3,high,60.65,quality_rule,validity,expect_column_values_to_be_between.quantity,column,erp_po_lines,quantity,359,0.004025,"'quantity' must fall within [0.01, None]. 359 of 89,201 rows checked failed (0.40%).",Reject the out-of-range values at ingestion and add a bounds check to the source form; review whether a sign or unit error is involved.,"['POL-0000577', 'POL-0000715', 'POL-0000794', 'POL-0001389', 'POL-0001478', 'POL-0002190', 'POL-0002202', 'POL-0002497', 'POL-0002642', 'POL-0002793']","{'rule_score': 0.995975, 'min': 0.01, 'max': None}",2026-09-18T17:23:23+00:00
ISS-Q0021,4,high,58.62,quality_rule,validity,expect_column_values_to_be_of_type.quantity,column,erp_po_lines,quantity,448,0.004997,"'quantity' must parse as float. 448 of 89,649 rows checked failed (0.50%).",Fix the export locale or column typing at the source; values arriving as text will not aggregate and will silently drop out of downstream sums.,"['POL-0000016', 'POL-0000069', 'POL-0000301', 'POL-0000939', 'POL-0001006', 'POL-0001008', 'POL-0001033', 'POL-0001284', 'POL-0001322', 'POL-0001430']","{'rule_score': 0.995003, 'expected_dtype': 'float'}",2026-09-18T17:23:23+00:00
ISS-Q0002,5,high,55.72,quality_rule,consistency,consistency.material_id_exists_in_material_master,column,erp_po_lines,material_id,359,0.004005,"Every line must reference a material that exists in the master. 359 of 89,649 rows checked failed (0.40%).",Create the missing material master records or correct the references; these lines cannot be received or invoiced as they stand.,"['POL-0000311', 'POL-0000716', 'POL-0001043', 'POL-0001131', 'POL-0001299', 'POL-0001354', 'POL-0002094', 'POL-0002599', 'POL-0002686', 'POL-0002951']","{'rule_score': 0.995995, 'ref_table': 'materials', 'ref_column': 'material_id'}",2026-09-18T17:23:23+00:00
ISS-Q0003,6,high,53.9,quality_rule,consistency,consistency.net_value_matches_quantity_times_price,dataset,erp_po_lines,,1669,0.018938,"Net value must equal ordered quantity times unit price. 1,669 of 88,129 rows checked failed (1.89%).","Recompute net value from quantity times unit price, or correct whichever of the three fields was mis-keyed. Invoice matching will fail on these lines.","['POL-0000207', 'POL-0000256', 'POL-0000273', 'POL-0000449', 'POL-0000488', 'POL-0000559', 'POL-0000577', 'POL-0000610', 'POL-0000614', 'POL-0000625']","{'rule_score': 0.981062, 'expression': 'abs(net_value - quantity * unit_price) <= 0.01 + 0.005 * abs(net_value)'}",2026-09-18T17:23:23+00:00
ISS-Q0006,7,medium,47.35,quality_rule,consistency,consistency.uom_matches_material_master,column,erp_po_lines,uom,715,0.008008,"Line unit of measure must match the material master base unit. 715 of 89,290 rows checked failed (0.80%).","Align the line unit of measure with the material master, or convert the quantity. A unit mismatch silently corrupts every quantity aggregate.","['POL-0000248', 'POL-0000588', 'POL-0000650', 'POL-0000807', 'POL-0001048', 'POL-0001142', 'POL-0001224', 'POL-0001269', 'POL-0001511', 'POL-0001525']","{'rule_score': 0.991992, 'ref_table': 'materials', 'ref_column': 'base_uom'}",2026-09-18T17:23:23+00:00
ISS-Q0005,8,medium,46.72,quality_rule,consistency,consistency.receipt_not_greater_than_order,dataset,erp_po_lines,,359,0.004025,"Goods receipt cannot exceed the ordered quantity. 359 of 89,201 rows checked failed (0.40%).",Investigate over-delivery: either the receipt was posted against the wrong line or the order quantity was reduced after the fact.,"['POL-0000577', 'POL-0000715', 'POL-0000794', 'POL-0001389', 'POL-0001478', 'POL-0002190', 'POL-0002202', 'POL-0002497', 'POL-0002642', 'POL-0002793']","{'rule_score': 0.995975, 'expression': 'goods_receipt_qty <= quantity + 0.01'}",2026-09-18T17:23:23+00:00
ISS-Q0024,9,low,20.26,quality_rule,plausibility,expect_column_values_to_be_plausible.quantity,column,erp_po_lines,quantity,905,0.010146,"'quantity' values beyond 4.0 robust standard deviations of the median. 905 of 89,201 rows checked failed (1.01%).","Review the flagged values manually. These are statistical outliers, not confirmed errors, and some will be legitimate extremes.","['POL-0000095', 'POL-0000244', 'POL-0000249', 'POL-0000299', 'POL-0000556', 'POL-0000766', 'POL-0000814', 'POL-0000915', 'POL-0000984', 'POL-0001208']","{'rule_score': 0.989854, 'median': 34.82, 'robust_scale': 23.454732, 'cut': 4.0, 'log_scaled': False}",2026-09-18T17:23:23+00:00
